"parcelle_id","lon","lat","SOC_mean","BD_mean","clay","sand","silt","depth","rock_fragment","texture","temp","precip","alt","SOC_stock_tCha","travail_sol","couvert_vegetal","irrigation","fertilisation_organique","rotation"
"P001",-5,32,9.7,1.42,20.7,49.6,29.7,30,0.05,"limon-argileux",16.3238124847412,159,1375.04858398438,41.32,"semis_direct","oui","oui","aucune","monoculture"
"P002",-5.1,32.1,32.3,1.36,15.2,56.7,28.1,30,0.05,"limon-argileux",12.3878335952759,223,1157.34246826172,131.78,"labour","non","non","aucune","biennale"
"P003",-5.2,32.2,45.5,1.29,22.9,47.3,29.8,30,0.05,"limon-argileux",9.6046667098999,306,1157.34246826172,176.08,"semis_direct","non","oui","compost","triennale"
"P004",-4.5,32.5,6.1,1.42,17.6,54.1,28.3,30,0.05,"limon-argileux",14.6111459732056,164,1654.67248535156,25.99,"semis_direct","non","non","aucune","biennale"
"P005",-4.8,32.8,16.2,1.4,21.4,46.9,31.3,30,0.05,"limon-argileux",14.4788541793823,195,1437.14331054688,68.04,"labour","non","oui","fumier","monoculture"
"P006",-3.9,33,5.2,1.49,22.9,46.6,30.5,30,0.05,"limon-argileux",16.0928535461426,168,1040.18115234375,23.24,"semis_direct","non","non","aucune","biennale"
"P007",-3.5,33.2,12.9,1.41,18.2,49.6,32.2,30,0.05,"limon-argileux",14.3156042098999,215,1253.10815429688,54.57,"labour","oui","oui","aucune","triennale"
"P008",-2.8,33.5,10.6,1.45,20.7,49.9,29.4,30,0.05,"limon-argileux",14.845853805542,278,1237.68115234375,46.11,"labour","oui","oui","aucune","triennale"
"P009",-2.2,33.8,10,1.46,25.8,40.9,33.3,30,0.05,"limon-argileux",15.3941459655762,298,1068.13525390625,43.8,"semis_direct","non","oui","fumier","biennale"
"P010",-1.5,34,10.2,1.44,22.9,45.2,32,30,0.05,"limon-argileux",15.2830419540405,331,1132.94519042969,44.06,"labour","non","non","aucune","monoculture"
"P011",-6.5,31.5,74.2,1.11,19.8,41.9,38.3,30,0.05,"limon-argileux",9.40008354187012,352,1157.34246826172,247.09,"semis_direct","oui","oui","aucune","triennale"
"P012",-6.2,31.8,44.7,1.25,22.2,44.6,33.1,30,0.05,"limon-argileux",7.27262496948242,416,1157.34246826172,167.62,"semis_direct","non","non","fumier","monoculture"
"P013",-5.8,32.3,23.4,1.26,20.5,48.6,30.9,30,0.05,"limon-argileux",10.3207082748413,371,1157.34246826172,88.45,"semis_direct","non","non","compost","triennale"
"P014",-5.5,32.6,32.5,1.32,28.6,43.3,28.1,30,0.05,"limon-argileux",11.7489376068115,351,1157.34246826172,128.7,"labour","non","oui","aucune","triennale"
"P015",-4.2,32.9,9.2,1.44,18.4,52,29.7,30,0.05,"limon-argileux",15.712833404541,172,1110.71813964844,39.74,"labour","non","non","compost","monoculture"
"P016",-3.1,33.1,9.3,1.47,17.3,51.3,31.4,30,0.05,"limon-argileux",13.6712913513184,242,1540.22619628906,41.01,"semis_direct","non","non","fumier","triennale"
"P017",-2.5,33.4,11.5,1.45,27.1,42.4,30.5,30,0.05,"limon-argileux",15.5258541107178,277,1156.90124511719,50.02,"labour","non","non","aucune","biennale"
"P018",-1.8,33.7,9.9,1.45,20.2,49.7,30,30,0.05,"limon-argileux",15.8840827941895,299,1048.15075683594,43.07,"semis_direct","non","oui","fumier","monoculture"
"P019",-1.2,34.1,11.9,1.42,21.5,43.9,34.6,30,0.05,"limon-argileux",14.6525211334229,362,1213.78393554688,50.69,"labour","non","non","fumier","biennale"
"P020",-0.5,34.3,18.9,1.41,23.1,43.2,33.8,30,0.05,"limon-argileux",16.3483753204346,275,1089.59252929688,79.95,"labour","non","oui","aucune","biennale"
"P021",-7.5,31,16.2,1.32,22,48.2,29.9,30,0.05,"limon-argileux",15.0427713394165,389,1157.34246826172,64.15,"labour","non","non","compost","biennale"
"P022",-7.2,31.3,16.9,1.35,21.5,45.9,32.5,30,0.05,"limon-argileux",12.4968957901001,442,1157.34246826172,68.45,"labour","oui","oui","fumier","triennale"
"P023",-6.8,31.6,39,1.3,20.5,48.7,30.8,30,0.05,"limon-argileux",9.02689552307129,460,1157.34246826172,152.1,"semis_direct","non","non","aucune","monoculture"
"P024",-6.4,31.9,26.1,1.33,19.3,45.6,35.1,30,0.05,"limon-argileux",12.5748329162598,402,1157.34246826172,104.14,"semis_direct","non","oui","compost","triennale"
"P025",-5.9,32.4,40.8,1.27,21.9,45.2,32.9,30,0.05,"limon-argileux",13.2648334503174,470,1157.34246826172,155.45,"semis_direct","non","non","aucune","biennale"
"P026",-4.7,32.7,7.5,1.45,18.1,53.3,28.7,30,0.05,"limon-argileux",14.4788541793823,195,1437.14331054688,32.62,"labour","non","oui","fumier","monoculture"
"P027",-4.1,33,6.3,1.48,20.2,50.9,28.9,30,0.05,"limon-argileux",16.3367080688477,168,1018.82513427734,27.97,"semis_direct","non","non","aucune","triennale"
"P028",-3.6,33.3,9.1,1.45,21.4,50.9,27.7,30,0.05,"limon-argileux",15.2645626068115,181,975.630981445312,39.58,"semis_direct","oui","non","aucune","monoculture"
"P029",-3,33.6,15.3,1.41,20.9,47.8,31.3,30,0.05,"limon-argileux",14.2742290496826,289,1262.08435058594,64.72,"labour","non","non","fumier","biennale"
"P030",-2.4,33.9,9.2,1.46,22.1,43.2,34.8,30,0.05,"limon-argileux",14.8692712783813,317,1097.11584472656,40.3,"labour","oui","non","fumier","triennale"
"P031",-8,30.5,10.8,1.42,26.8,45.6,27.5,30,0.05,"limon-argileux",15.7546043395996,369,1157.34246826172,46.01,"labour","oui","non","aucune","biennale"
"P032",-7.8,30.8,24.3,1.3,20.5,44.9,34.6,30,0.05,"limon-argileux",11.8166666030884,467,1157.34246826172,94.77,"labour","oui","oui","compost","biennale"
"P033",-7.4,31.1,20.3,1.32,21,47.4,31.6,30,0.05,"limon-argileux",14.1260414123535,424,1157.34246826172,80.39,"labour","non","oui","aucune","monoculture"
"P034",-7,31.4,45.6,1.16,19,48.3,32.7,30,0.05,"limon-argileux",10.7898330688477,430,1157.34246826172,158.69,"semis_direct","oui","non","fumier","biennale"
"P035",-6.6,31.7,30,1.33,22.1,43,35,30,0.05,"limon-argileux",12.1076669692993,411,1157.34246826172,119.7,"semis_direct","non","non","aucune","monoculture"
"P036",-6.1,32,30.6,1.35,20.1,47.2,32.8,30,0.05,"limon-argileux",10.6100835800171,355,1157.34246826172,123.93,"semis_direct","non","non","compost","monoculture"
"P037",-5.6,32.3,21.8,1.3,19.4,49,31.7,30,0.05,"limon-argileux",10.697437286377,339,1157.34246826172,85.02,"labour","non","non","fumier","biennale"
"P038",-5.1,32.6,9.8,1.43,21.6,44.8,33.7,30,0.05,"limon-argileux",12.5269374847412,261,1157.34246826172,42.04,"semis_direct","non","oui","fumier","biennale"
"P039",-4.6,32.9,7.1,1.44,16.2,52.1,31.6,30,0.05,"limon-argileux",14.1519165039062,189,1453.03051757812,30.67,"labour","oui","oui","fumier","monoculture"
"P040",-4,33.2,8.9,1.42,19.6,49.7,30.8,30,0.05,"limon-argileux",15.3767499923706,176,996.619873046875,37.91,"semis_direct","non","non","aucune","monoculture"
"P041",-3.4,33.5,14,1.44,19.1,50.1,30.7,30,0.05,"limon-argileux",14.7070837020874,222,1118.2880859375,60.48,"semis_direct","non","non","aucune","biennale"
"P042",-2.9,33.8,13.5,1.4,23.1,46.9,30,30,0.05,"limon-argileux",13.8274164199829,319,1317.82006835938,56.7,"semis_direct","non","oui","aucune","biennale"
"P043",-2.3,34.1,12.2,1.45,22.1,45.3,32.6,30,0.05,"limon-argileux",15.082124710083,317,995.706176757812,53.07,"semis_direct","non","oui","aucune","biennale"
"P044",-1.7,34.4,26.7,1.38,26.4,43.2,30.4,30,0.05,"limon-argileux",14.1811246871948,447,1172.83862304688,110.54,"labour","oui","non","aucune","triennale"
"P045",-1.1,34.7,26.5,1.3,26.3,43.4,30.3,30,0.05,"limon-argileux",13.6145830154419,489,1157.78369140625,103.35,"semis_direct","non","non","aucune","biennale"
"P046",-8.5,30.2,19.8,1.32,21.7,46.6,31.7,30,0.05,"limon-argileux",15.8968544006348,329,1157.34246826172,78.41,"labour","oui","non","aucune","biennale"
"P047",-8.2,30.5,19.2,1.31,26.5,42.6,31,30,0.05,"limon-argileux",16.2915420532227,346,1157.34246826172,75.46,"labour","non","non","fumier","triennale"
"P048",-7.9,30.8,27.5,1.29,24.3,44.2,31.5,30,0.05,"limon-argileux",15.2710628509521,421,1157.34246826172,106.42,"labour","non","oui","fumier","monoculture"
"P049",-7.6,31.1,19.2,1.3,20,43.5,36.6,30,0.05,"limon-argileux",11.7209587097168,485,1157.34246826172,74.88,"semis_direct","non","non","compost","biennale"
"P050",-7.3,31.4,41.3,1.27,21.8,48.6,29.6,30,0.05,"limon-argileux",10.8585834503174,506,1157.34246826172,157.35,"semis_direct","non","oui","compost","monoculture"
